;"
";;;;;;
;Ragione sociale;Indirizzo;Telefono;Email;Abbonamento;Invia Attestato;azienda
;2M IMPIANTI SRL;Via IV Novembre 2 - Ghedi - 25016;030-6185877;amministrazione.2mdb@gmail.com;Az clienti;;
;A.C. SEVICE DI BREGOLI P.ANTONIO;VIA DON C. GRECI 16 - PORZANO DI LENO - 25024;;;Az clienti;;
;A.C.L.I. BETTOLE-BUFFALORA;VIA BUFFALORA, 89 - Brescia - 25129;;business@afabi.it;Az clienti;;
;A.D.G. IMPIANTI TECNOLOGICI - SNC DI BADINI ANDREA, BIGNOTTI DANIELE, CERUTTI GIOVANNI E PIZZINI MARCO;VIA MAZZINI, 12/B - GAMBARA - 25020;;ADGIMPIANTITECNOLOGICI@LEGALMAIL.IT;Az clienti;;
;A.L. CLIMATIZZAZIONE DI AGNELLILUCA & C. SAS;Via Milano, 3 - Bovezzo - 25073;;business@afabi.it;Az clienti;;
;ABENI F.LLI DI ETTORE ABENI & C. SNC;VIA SAN FILASTRO, 28 - PROVAGLIO D'ISEO - 25050;;costruzioniedili@immobiliabeni.it;Az clienti;;
;ABI ASSOCIAZIONE BRESCIANA INSTALLATORI;VIA P. GUZZETTI, 15 - BRESCIA - 25135;;amministrazione@abiweb.it;Az clienti;;
;ABI SERVIZI SRL;Via Vittorio Emanuele II n22;302510145;business@afabi.it;ENTI AUTORIZZATI 1500;;
;ABI SERVIZI SRL;VIA ROMA 84 - COLLEBEATO - 25060;;;Az clienti;;
;ACQUATHERM SRL;Via Seradello, 55 - Sarezzo - 25068;;business@afabi.it;Az clienti;;
;ACSE DI SCALVINI CLAUDIO;Via Garibaldi, 65 - Calcinato - 25011;;scalvini.claudio@pec.it;Az clienti;;
;ACSI BRESCIA;VIA GIUSEPPE MAZZINI, 36/A - LUMEZZANE - 25065;;brescia@acsi.it;Az clienti;;
;AD SERVIZI S.R.L.;Via Lungolago Guglielmo Marconi n. 14 - Marone - 25054;;adservizi22@gmail.com;Az clienti;;
;AGRITURISMO BEL DI BERTUSSI;Via Mascontina - Raffa di Puegnago del Garda - 25080;;;Az clienti;;
;ALESSANDRO GIACOMIN;Negrar di Valpolicella - Negrar di Valpolicella - 37024;;giacomin-alessandro@postecert.it;Az clienti;;
;ALIA S.R.L.;Via Provinciale, 46/B - ADRO - 25030;;business@afabi.it;Az clienti;;
;ALL42 SRL;Via Vittorio Emanuele II 28 - Roncadelle - 25030;;business@afabi.it;Az clienti;;
;ALMA OFFICINE MECCANICHE S.R.L.;Via Canossi, 14 - BRESCIA - 25126;;luisa.lamicela@almaofficinemeccaniche.it;Az clienti;;
;ANTONELLA ROMANO;via Mandolossa, 103 - Gussago - 25064;;claudia.marconi@sicurzeta.it;Az clienti;;
;APPLICAZIONI TECNOLOGICHE INDUSTRIALI SRL - A.T.I. SRL;Via Mutilati e Invalidi del Lavoro 5F/5G - Castegnato - 25045;;formazione@afabi.it;Az clienti;;
;ARCA BUILDING SRL;VIA PALAZZOLO 31/C - CHIARI - 25032;;;Az clienti;;
;ARCOS COSTRUZIONI S.R.L.;Via Bagutta, 13 - Milano - 20121;;business@afabi.it;Az clienti;;
;ARRIGHINI GIUSEPPE & C. S.A.S. DI ARRIGHINI GIANLUCA;Via Trento, 59 - Brescia - 25123;;business@afabi.it;Az clienti;;
;ASS-TECH SRL;Via Roma, 110 - Collebeato - 25060;;formazione@afabi.it;Az clienti;;
;ASTRID CIOFFO;Via fermi - collebeato -;;info@afabi.it;Az clienti;;
;B GROUP SRL;Via Donatello 307 - BRESCIA - 25124;;business@afabi.it;Az clienti;;
;B.A. IMPIANTI DI BELLERI & C. S.N.C.;Via Ponte Gandovere 28 - Gussago - 25064;;info@baimpianti.it;Az clienti;;
;B.F. ELETTROIMPIANTI DI BESCHI FLAVIANO;VIA COMINELLO 43 - LONATO DEL GARDA - 25017;;info@bfelettroimpianti.it;Az clienti;;
;B.F. PRESSE SRLS;VIA GIOVANNI PAOLO II 69 - AZZANO MELLA - 25020;;business@afabi.it;Az clienti;;
;BAP SRL;VIA COLOMBAIE 10 - BRESCIA -;;commerciale@bap.it;Az clienti;;
;BARLETTA E POSSI SRL;Via Europa, 125 - Concesio - 25062;;;Az clienti;;
;BC DI BREGU VINCENS;Via Ugo Ziliani, 1 - BRESCIA - 25124;;breguvincens@legalmail.it;Az clienti;;
;BELLOTTI LUIGI SNC DI BELLOTTI LUIGI & C.;VIA ARTIGIANALE TRAV. I, 4 - MONTIRONE - 25010;;;Az clienti;;
;BENEDETTI IMPIANTI SRL;VIA VESPUCCI, 31/33 - LENO - 25024;;info@termoidraulicabenedetti.com;Az clienti;;
;BERTOCCHI COSTRUZIONI S.R.L.;Via Tre Ponti, 4/B - Roccafranca - 25030;;bertocchicostruzioni@pec.it;Az clienti;;
;BERTULLI MARCO;VIA SAN GALLO 113 - BOTTICINO - 25080;;marco.bertulli@tiscali.it;Az clienti;;
;BIAVA MARCELLO;Via G. Matteotti 135 - Trescore Balneare - 24063;;business@afabi.it;Az clienti;;
;BIEFFE SERVICE SRL;Via A. Manzoni n. 63 - Flero - 25020;;business@afabi.it;Az clienti;;
;BIMAR SRL;Via Giorgio Amendola, 16/18 - Sirmione - 25019;;business@afabi.it;Az clienti;;
;BIVUENNE SRL;Via Giovanni Randaccio, 3 - Brescia - 25128;;;Az clienti;;
;BONERA ALESSANDRO SRL;Via Corsica, 99 - Brescia - 25124;;bonera.alessandrosrl@legalmail.it;Az clienti;;
;BONTEMPI FABRIZIO;Via San Zenone, 2/b - Monticelli Brusati - 25040;;formazione@afabi.it;Az clienti;;
;BONZI S.P.A.;Via Artigiani n. 36 - Castenedolo - 25014;;monica.ambrosini@bonzispa.it;Az clienti;;
;BOTTEGA DEL LEGNO DI CATTAFESTA M. E F. SNC;Vicolo dell'Inganno, 12/A - Brescia - 25122;;formazione@afabi.it;Az clienti;;
;BOTTIDRAULICA SRL;Via Papa Paolo VI, 11 - Monticelli Brusati - 25040;;bottidraulicasrl@legalmail.it;Az clienti;;
;BRESCIA CONTROLLI SRL;VIA GARIBALDI, 10 - ISOLA DELLA SCALA - 37063;;gianpiero.monetti@agenziamonetti.it;Az clienti;;
;BRESCIA PROGETTI SRL;VIA CORSICA 182 - BRESCIA - 25125;302422459;INFO@BRESCIAPROGETTI.IT;Az clienti;;
;BRESCIANA COSTRUZIONI SRL;Vicolo Chiesa 15 - Ospitaletto - 25035;;leonardtarushi89@gmail.com;Az clienti;;
;BRIXIAEDIL ENGINEERING S.R.L.;VIA BETTOLE, 13 - BRESCIA - 25134;;brixiaedilsrl@legalmail.it;Az clienti;;
;BUIZZA IMPIANTI S.R.L.;VIA Vittime del Lavoro, 13;;info@buizzaimpianti.it;Az clienti;;
;BUSSI GIUSEPPE E FIGLI SNC;Via Marconi, 32 - Bedizzole - 25081;;;Az clienti;;
;C.A.G. PRESSO PARROCCHIA CONVERSIONE DI S. PAOLO;VIA BORGHINI 1 - COLLEBEATO - 25060;;montagnini.maura@live.it;Az clienti;;
;C.A.T.I. SRL;Via Ugoletti, 10 - Brescia - 25134;;formazione@afabi.it;Az clienti;;
;C.M.M. S.R.L.;Via B. Castelli, 10 - Montirone - 25010;;business@afabi.it;Az clienti;;
;CANTINE BOZZA SRL;VIA FASSATI, 9 - PASSIRANO - 25050;;;Az clienti;;
;CARROZZERIA TRENTO DI MOLINARI FEDERICO & C. SAS;Via Monte Novegno 21 - BRESCIA - 25128;;business@afabi.it;Az clienti;;
;"CASA DI RIPOSO ""COMINI"" COOPERATIVA SOCIALE - ONLUS";Via S. Francesco D'Assisi, 9 - Collebeato - 25060;;casadiriposocominionlus@pec.it;Az clienti;;
;CASTRINI IMPIANTI SRL;Via Campagna Sopra, 2F;;info@castrinimpianti.it;Az clienti;;
;CENTRO DI SERVIZI PER ANZIANI CASA DI RIPOSO MAGGI ONLUS;Via G. Marconi, n. 20 - Castrezzato - 25030;;info@casadiriposomaggi.it;Az clienti;;
;CENTRO EDILE FRANCIACORTA SRL;VIA ADRO 74 - CAPRIOLO - 25031;;;Az clienti;;
;CENTRO VALLONCINI GIORDANO & C. S.A.S.;Via Nervi 40 - Passirano - 25050;;business@afabi.it;Az clienti;;
;CEPEZ S.R.L.;VIA FORO BOARIO, 36 - BRESCIA - 25124;;info@cepezsrl.it;Az clienti;;
;CLIMA IMPIANTI SRL DI ZARANTONELLO;Via Giorgio Amendola, 21 - SIRMIONE - 25019;;business@afabi.it;Az clienti;;
;CLIMAGEST SRL;Via R. Gessi, 16 - Brescia - 25135;;;Az clienti;;
;CLIMASERVIZI SRL;Via Scuole, 13 - Azzano Mella - 25020;309747759;business@afabi.it;Az clienti;;
;CLIMAT SRL;VIA LABIRINTO 153 - BRESCIA - 25125;;;Az clienti;;
;CO.RIM. EDIL S.R.L.;Vicolo Giuseppe Verdi, 9 - Cologno Al Serio - 24055;;business@afabi.it;Az clienti;;
;COGENERA SRL;Via Le Ghiselle, 12 - Castenedolo - 25014;;business@afabi.it;Az clienti;;
;COMETAL ENGINEERING SPA;Via Mario Calderara, 10/12 - Montichiari -;;amministrazione@cometaleng.com;Az clienti;;
;COMUNE DI COLLEBEATO;Via San Francesco d'Assisi 1 - Collebeato - 25060;;business@afabi.it;Az clienti;;
;CONNECTIROL S.R.L.;VIA PRAGA, 5 - TRENTO - 38121;;segreteria@connectirol.it;Az clienti;;
;COSTRUTTORI LOMBARDI SRL;VIA SOLFERINO, 31 - BRESCIA - 25121;;;Az clienti;;
;CRESSARI VANDA;VIA ZANARDELLI, 13/A - CONCESIO - 25062;;cressari@studiocressari.it;Az clienti;;
;D'ANIELLO SAVINO;Via Umberto I, 26 - SALO' - 25087;;daniellosavino@legalmail.it;Az clienti;;
;D.D.L. IMPIANTI ELETTRICI DI LIGI DANIELE;SALITA COSTA DEI RATTI 11 - GENOVA - 16144;;;Az clienti;;
;DE.KA. COSTRUZIONI SRL;Via A. Luzzago 5 - Brescia - 25126;;business@afabi.it;Az clienti;;
;DEIANA ANTONELLO;Via Pola, 2 - Desenzano del Garda - 25015;;business@afabi.it;Az clienti;;
;DETTAGLI DI STILE DI IRENE BONFADELLI;VIALE VENEZIA 46 - Brescia - 25124;;business@afabi.it;Az clienti;;
;DIMENSIONE UOMO SNC DI FIBRENI OSVALDO & C.;Via Vivanti, 5 - Brescia - 25133;;;Az clienti;;
;DM SNC DI MANTUANO MARCO E C.;Via Roncadelle 7/8 - CASTEL MELLA - 25030;;dm.mantuano@legalmail.it;Az clienti;;
;DOLCE ACQUA DEPURAZIONE DI CIOCCA TIZIANA COSTANTINA;Via Chiari, 48 - Cologne - 25033;;dolceacquadepurazione@gmail.com;Az clienti;;
;DONELLI IMPIANTI SRL;VIA CAMILLO GOLGI 37/39 - GUSSAGO - 25064;;business@afabi.it;Az clienti;;
;DR. NICOLA HAURANIEH;Piazza Vantini 23 - Rezzato - 25086;;business@afabi.it;Az clienti;;
;DUEBI S.R.L.;Via Enrico Fermi, 2 - MANERBIO - 25025;;duebisrl88@gmail.com;Az clienti;;
;E.B. AUTOMATION SRL;VIA ZUBLINO 8 - SAN FELICE DEL BENACO - 25010;;business@afabi.it;Az clienti;;
;E.B. ELETTROTECNICA BRESCIANA SRL;VIA DELLE CASELLE 39 - BRESCIA - 25125;;pec.ebsrl@legalmail.it;Az clienti;;
;E.G. SYSTEM DI FANTONI U. & C. S.N.C.;Via Maddalena, 144 - Nave - 25075;;egsystem@legalmail.it;Az clienti;;
;ECONNET SRL;Via Misa, 40C/D/EF - Bologna - 40139;;business@afabi.it;Az clienti;;
;ED.IN.TEC. SRL;VIALE SAN GIMIGNANO 11 - MILANO - 20146;;;Az clienti;;
;EDIL THOMAS DI FILIPPINI GIOVANNIBATTISTA;Via Livelli 21 - Nuvolera -;;edilthomas.bs@gmail.com;Az clienti;;
;EDILMEC SRL;VIA STAZIONE 4/B - REMEDELLO - 25010;;business@afabi.it;Az clienti;;
;EFFE.CI. AIR SERVICE SRL;Via Don Maestrini 41 - FLERO - 25020;306151445;amministrazione@effeciairservice.com;Az clienti;;
;EFFE.CI. SRL;VIA DON MAESTRINI, 41 - FLERO - 25020;306151445;info@effe-cisrl.com;Az clienti;;
;EKW ITALIA S.R.L.;Via del lavoro 21 - Concorezzo - 20863;;n.oliva@ekv.it;Az clienti;;
;ELECTRA SNC DI PINTO SANDRO E PINO E C.;VIA CUPELLO, 9/B - SAN DONATO MILANESE - 20097;;;Az clienti;;
;ELECTROFIBER SRL;Via Vittorio Veneto - Trento - 38122;;electrofiber@legalmail.it;Az clienti;;
;ELEGANCE BEAUTY STUDIO DI HYSA DANJELA;Via dei Prati 27/G - Bovezzo - 25073;;business@afabi.it;Az clienti;;
;ELETTRICA ANTONINI DI ANTONINI ALESSANDRO;VIA DONATORI DI SANGUE 12 - OFFLAGA - 25020;;business@afabi.it;Az clienti;;
;ELETTRICA ARCHETTI SRL.;Via Fornaci, 27/ d - CORTE FRANCA - 25040;;elettricaarchetti@libero.it;Az clienti;;
;ELETTRO & LIFT DI ZITO E & C SAS;VIA L.EINAUDI 26 - BRESCIA - 25121;;;Az clienti;;
;ELETTRO IMPIANTI AYAIDA DI ANGELO AYAIDA;Via Castelgoffredo, 15 - Brescia - 25134;;business@afabi.it;Az clienti;;
;ELETTROIMPIANTI SRLS;via Giuseppe Rossi 25 - Castelbelforte - 46032;;business@afabi.it;Az clienti;;
;ELETTROTECNICA M&M SNC;VIA GUIDO ROSSA 22/N - CELLATICA - 25060;;;Az clienti;;
;ELETTROTECNICA SEBINA S.N.C.;VIA ACHILLE GRANDI 39 - CORTE FRANCA - 25040;;elettrotecnicasebina@legalmail.it;Az clienti;;
;ELETTROTERMICA TREBESCHI S.R.L.;VIA ZANARDELLI, 74 - CONCESIO - 25062;;assistenza@elettrotermicatrebeschi.it;Az clienti;;
;EMMECI DI CARROZZA MICHELE;VIA SETTEMBRINI, 32 - VILLASANTA - 20852;;;Az clienti;;
;ENERCON SRL;Via Fornasina, 60 - Muscoline - 25080;;;Az clienti;;
;EURO-BIO SNC DI GUSSAGO CHIARA E VILLA PATRIZIA;Via A. De Gasperi, 1 - Collebeato - 25060;;business@afabi.it;Az clienti;;
;EUROFLUID IMPIANTI SRL;Via Zocco n. 13L - ADRO - 25030;;pratiche@eurofluidimpianti.com;Az clienti;;
;EUROIMPIANTI GROUP S.R.L.;VIA GUTENBERG 14 - PONCARALE - 25020;;business@afabi.it;Az clienti;;
;EUROVITI S.R.L.;VIA FINILETTO, 20;;business@afabi.it;Az clienti;;
;EVOCABEL SRL;VIA GUIDO ROSSA, 22N - CELLATICA - 25060;;amministrazione@evocable.com;Az clienti;;
;EXE S.R.L;VIA L. NEGRELLI 15 - BOLZANO - 39100;;mma@exesolar.com;Az clienti;;
;F.G. SAS DI FILIPPINI FABIO & C.;Via Garibaldi, 93 - Molinetto di Mazzano - 25080;;formazione@afabi.it;Az clienti;;
;F.LLI FASSOLI SRL;VIA FERRARIS, 20 - GUSSAGO - 25064;;;Az clienti;;
;FACCHINI FRANCESCO SPA;Via I Maggio,1 - CATREZZATO - 25030;;amministrazione@facchini.it;Az clienti;;
;FERRAMENTA ZAMBELLI SNC;Via Belotti - GRUMELLO - 24064;;formazione@afabi.it;Az clienti;;
;FI.MAR DI FIZZARDI MARCO;Via Giuseppe Verdi 3 - Coccaglio - 25030;;business@afabi.it;Az clienti;;
;FIORERIA MUTTI DI MUTTI ERALDO;VIA INDIPENDENZA 50;;business@afabi.it;Az clienti;;
;FM ELETTROTECH S.R.L.;Via Veneto 2/4 - Piubega - 46040;;fmelettrotech@legalmail.it;Az clienti;;
;"FONDAZIONE DI CURA ""CITTA' DI GARDONE VALTROMPIA ONLUS""";VIA PARINI, 14 - GARDONE VAL TROMPIA - 25063;;barbaracontessa1977@gmail.com;Az clienti;;
;FONDAZIONE ONLUS LONGINI - MORELLI - SIRONI DI PRALBOINO;Via Morelli, 10 - Pralboino - 25020;;business@afabi.it;Az clienti;;
;FRIGERIO DANIELE;Via Prima, 30 - Brescia - 25129;;formazione@afabi.it;Az clienti;;
;FRIGOTERM SRL;Via del Canneto, 55 - Borgosatollo - 25010;;;Az clienti;;
;G. AND D. DI GORNO ARMIDA E C. S.A.S.;Via Roma, 45 - Collebeato - 25060;;;Az clienti;;
;G.A. TERMOIDRAULICA DI GIUGNO ANDREA;VIA ERMANNO MARGHERITI 22 - NAVE - 25075;;business@afabi.it;Az clienti;;
;G.L. ELETTRICA INDUSTRIALE SRL;Via Padania, 30/32 - CASTEL MELLA - 25030;;amministrazioneglsrl@libero.it;Az clienti;;
;G.S. SYSTEMS DI SEMINARA GIUSEPPE;Via Patrioti 31/C - Castenedolo - 25014;;g.s.systemsbs@gmail.com;Az clienti;;
;GABETTI LAB S.P.A.;VIA BERNARDO QUARANTA 40 - Milano - 20139;;business@afabi.it;Az clienti;;
;GAUSS AUTOMAZIONE SPA;Via Trento 178 - Capriano del Colle - 25020;309749509;;Az clienti;;
;GENCOS SPA;P.zza Diaz, 5 - Milano - 20123;;business@afabi.it;Az clienti;;
;GENERALCONTROL SPA;VIA PANNUNZIO MARIO, 4 - MILANO - 20156;;;Az clienti;;
;GENESI SNC DI SILVESTRI NADIA & C.;Via Muratello, 11 - Nave - 25075;;formazione@afabi.it;Az clienti;;
;GEOM. EZIO CASALETTI;Via Campagna, 2/1 - CASTREZZATO - 25030;;business@afabi.it;Az clienti;;
;GEOMETRA MARCO SCANSANI;Viale Luigi Pasteur,5 - 24128 Bergamo -;;scansy@inwind.it;Az clienti;;
;GEV DI VEZZOLA GIUSEPPE & C. SAS;Via Santigaro 21 - SAN FELICE DEL BENACO - 25010;;gev.vezzola@gmail.com;Az clienti;;
;GI - TECH SRL;VIA CANOSSI, 8 - TORBOLE CASAGLIA - 25030;303732873;amministrazione@gitechsrl.it;Az clienti;;
;GIUMIA REFRATTARI S.R.L.;Via Ippolito Nievo 18 - Udine - 33100;;business@afabi.it;Az clienti;;
;GML S.R.L.;Via Matris Domini, 21 - Bergamo - 24121;;business@afabi.it;Az clienti;;
;GV SYSTEM SRL;Via E. Montale, 2 - Sal - 25087;;;Az clienti;;
;H.S. AUTOMATION SRL;VIA ARTIGIANI, 17 - CASTREZZATO -;;amministrazione@hsautomation.it;Az clienti;;
;HOXHA EDMOND;VIA ANTONIO LORENZETTI, 15 - Darfo Boario Terme - 25047;;;Az clienti;;
;I.E.M. ELETTRA DI MAGRI ROBERTO E TRIVELLA ANGELO S.N.C.;Strada Gandine, 7 - Ghedi - 25016;;iemelettraimpianti@gmail.com;Az clienti;;
;I.M.I. DI PIANTONI EZIO & C. S.A.S.;VIA LAGORIO 48 - PALAZZOLO SULL'OGLIO - 25036;;ziopiantoni@gmail.com;Az clienti;;
;I.R.I. IMPIANTI SRL;Via F.lli Bonardi, 17 - Brescia - 25126;;info@iriimpianti.it;Az clienti;;
;I.R.I.S. BRIXIA S.R.L.;VIA A. LUZZAGO , 5 - 25126 BRESCIA;307772765;info@irisbrescia.it;Az clienti;;
;I.T. GAS FENOTTI DI MANENTI SERGIO E C. S.N.C.;Via S. Cesario, 62 - NAVE - 25075;;business@afabi.it;Az clienti;;
;I.T.I. DI FRANZONI GIORGIO;Via Cocca Sopra, 25 - Serle - 25080;;formazione@afabi.it;Az clienti;;
;IDEAL STANDARD HOLDINGS SRL;VIA DOMODOSSOLA 19 - MILANO - 20145;;;Az clienti;;
;IDEAL STANDARD INDUSTRIALE SRL;VIA G. BORSI, 9 - MILANO - 20143;;;Az clienti;;
;IDEAL STANDARD ITALIA SRL;VIA GIOSUE' BORSI 9 - MILANO - 20143;;;Az clienti;;
;IDRATERM SRL;Via Golgi, 32 - Gussago - 25064;;business@afabi.it;Az clienti;;
;IDRAULICA BAIGUERA SRL;Via Allegri, 79 - Brescia - 25124;;formazione@afabi.it;Az clienti;;
;IDRAULICA BIANCHETTI DI BIANCHETTI ALBERTO;VILLAGGIO GEROLDI TRAV III 8 - CASTENEDOLO - 25014;;albertobianchetti@hotmail.it;Az clienti;;
;IDRAULICA BOSIO DI BOSIO MANUEL;VIA ALBAROTTO SNC - LENO - 25024;;idraulicabosio@libero.it;Az clienti;;
;IDRAULICA COMAI SNC DI COMAI ERIS E F.LLI;Via Conter, 7 - Calvagese della Riviera - 25080;;formazione@afabi.it;Az clienti;;
;IDRAULICA MATTIAZZI DI MATTIAZZI R. & C. S.N.C.;VIA SS PAULLESE KM 17,300 - SPINO D'ADDA - 26016;;idraulicamattiazzi@legalmail.it;Az clienti;;
;IDRAULICA ZAMBELLI S.R.L.;Via Chiesa n. 28 - CAPRIANO DEL COLLE - 25020;;business@afabi.it;Az clienti;;
;IDRO 2 DI CAPUANO LUIGI;Via Livelli 3 - Montichiari - 25018;;luigi@idro2.it;Az clienti;;
;IDRO INNOVAZIONE SRL;VIA DEL RAME 12/B - TRAVAGLIATO - 25039;;;Az clienti;;
;IDRO-SERVICE DI FERRARI F. SRL;Via Circonvallazione, 31 - Verolanuova - 25028;;business@afabi.it;Az clienti;;
;IDRO-TERMO-SANITARIA DI BRIGNOLI ALDO A. & C. SNC;Via Veneto, 9 - Pontoglio - 25037;;formazione@afabi.it;Az clienti;;
;IDROGENERAL ZAMER SRL;Via Borsellino, 21/23 - Concesio - 25062;;formazione@afabi.it;Az clienti;;
;IDROMAFRA SRL;Via Trebocche Trav. II, 7/F - Bedizzole - 25081;;formazione@afabi.it;Az clienti;;
;IDROSANITARIA DI ANTONINI CLAUDIO;VIA EUROPA, 244 - CONCESIO - 25062;;;Az clienti;;
;IDROSANITARIA F.LLI MINELLI SRL;Via M. Kolbe, 10 - Cazzago San Martino - 25046;;formazione@afabi.it;Az clienti;;
;IDROTECNICA GARBELLI;VIA BRESCIA, 155 - NAVE - 25075;;idrotecnica-garbelli@email.it;Az clienti;;
;IDROTECNICA NODARI S.R.L. DI NODARI & VEZZOLA;VIA PAPA GIOVANNI XXIII 81/B - DESENZANO DEL GARDA - 25015;;business@afabi.it;Az clienti;;
;IDROTERMICA BOLPAGNI SRL;Via Degli Arrotini 23/25 - GHEDI - 25016;;idrotermicabolpagni@pec.intred.it;Az clienti;;
;IDROTERMICA RESTELLI SRL;VIA CANOSSI, 11 - CALVISANO - 25012;;info@idrotermicarestelli.it;Az clienti;;
;IDROTERMICA SNC DI GOFFI G. E TOBANELLI G.;VIA MARCONI 2 - MUSCOLINE - 25080;;idrotermicagt@gmail.com;Az clienti;;
;IMI DI PIANTONI EZIO E C SAS;Via lagorio 48 - PALAZZOLO SULL'OGLIO - 25036;;business@afabi.it;Az clienti;;
;IMPRESA EDILE BAGGIO GEOM. GIOVANNI SRL;VIA DELLE COMETE 48 - ROMANO DI LOMBARDIA - 24058;;giovannibaggio1@virgilio.it;Az clienti;;
;IMPRESA EDILE MAFFEZZONI DI GEOM. ALESSANDRO;Vicolo dellOmbra, 7 - Brescia - 25122;;;Az clienti;;
;IMPRESA EDILE MARENZI GIUSEPPE DI MARENZI MAURIZIO;VIA PONTOGLIO 11 - PALAZZOLO SULL'OGLIO - 25036;;business@afabi.it;Az clienti;;
;IMPRESA EDILE TARUSHI;Via Gorizia 10 - Botticino - 25082;;redilcostruzioni.2000@gmail.com;Az clienti;;
;INNOPHARMA SRL;Via Lavoratori Autobianchi, 1 - Desio - 20832;;;Az clienti;;
;INNVISION SRL;VIA INDUSTRIALE, 18 - CELLATICA -;;amministrazione1@innvision.it;Az clienti;;
;INSTAL GARDA DI TIPONUT ADRIAN EMIL;Via Vincenzo Monti, 11 - Toscolano-Maderno - 25088;;tiponut.adrian@pec.it;Az clienti;;
;ISTITUTO FIGLIE DI SAN CAMILLO;Via di Acqua Bullicante 4 - ROMA - 00177;;cdrsangiuseppe@figliesancamillo.it;Az clienti;;
;ISVA SERVICE SRL;Via G. B. Cacciamali, 69 - Brescia - 25125;;formazione@afabi.it;Az clienti;;
;ITALPRESSEGAUSS S.R.L.;Via Trento, 178 - Capriano del Colle - 25020;;Michela.Zani@noricangroup.com;Az clienti;;
;JIALI SRL;VIA GOISIS 66 - VOBARNO - 25079;;magazzino@zchabbigliamento.it;Az clienti;;
;KEEP SERVICE SRL;Via Zublino 49 - San Felice dei Benaco - 25010;;amministrazione@keepservice.it;Az clienti;;
;KI-NET SRL;Corso Cavour 76 - Zevio - 37059;;amministrativo@ki-net.it;Az clienti;;
;KOMPLETT SOCIETA' COOPERATIVA;Via Aldo Moro, 51 - Arco - 38062;;formazione@afabi.it;Az clienti;;
;KRK ENERGY SERVICE SRL;Via Trieste, 37 - Martinengo - 24057;;business@afabi.it;Az clienti;;
;L'ASPIRATRICE DI GORNI ALESSANDRO & C. SNC;VIA G. GALILEI TRAVERSA II N.32 - SAN ZENO NAVIGLIO - 25200;;business@afabi.it;Az clienti;;
;L'IDRAULICA SAS DI TONELLI L. E CIATTI O.;Via dei Ciliegi, 42 - Gussago - 25064;;business@afabi.it;Az clienti;;
;LA DIMORA ODV;VIA MARSALA 20 - BRESCIA - 25122;;ladimora19@gmail.com;Az clienti;;
;LA EDI S.R.L.;Via Arturo Toscanini, 47/49 - Borgosatollo - 25010;;laedisrl@legalmail.it;Az clienti;;
;LA TERMICA DI FAGGIANO ANTONIO;Via XXV Aprile 7 - CAPRIOLO - 25031;;business@afabi.it;Az clienti;;
;LA TERMOIDRAULICA DI PELIZZARI DIEGO;VIA ALFREDO CATALANI 22 - CASTIGLIONE DELLE STIVIERE - 46043;;pelizzari.diego@aziendapec.it;Az clienti;;
;LABA SRL;VIA DON VENDER 66 - BRESCIA - 25127;30380894;direzione@laba.edu;Az clienti;;
;LAP GROUP SRLS;Via Fienil Sal, 12 - Calcinato - 25011;;formazione@afabi.it;Az clienti;;
;LATTERIE ALTA ITALIA - LAIT - SOC. COOP. AGRICOLA;VIA CROCIFISSA DI ROSA 3 - BRESCIA - 25121;;info@caseificiolait.it;Az clienti;;
;LATTONERIA B E B SRL;Via Invico, 16 - Lodrino - 25060;;;Az clienti;;
;LAVORAZIONI PLASTICHE S.R.L.;Via Ritonda, 77/E - SAN BONIFACIO - 37047;;business@afabi.it;Az clienti;;
;LEONESSA IMPIANTI DI RENICA & C. SAS;VIA MANZONI. 87 - DELLO - 25020;;leonessaimpianti@libero.it;Az clienti;;
;LO DI LARCHER MAURO E LUCA & C SNC;Via Artigiani 20 - CASTREZZATO - 25030;;larcher.snc@virgilio.it;Az clienti;;
;LP SRL;VIA MARTIRI DELLA LIBERTA' 46 - PARATICO - 25030;;;Az clienti;;
;M.C.S. FACCHETTI SRL;Loc. Breda, 3 - Mura - 25070;;formazione@afabi.it;Az clienti;;
;M.M. MONTAGGI SRL;VIA COSTANTINO 4/E - DARFO BOARIO TERME - 25047;;;Az clienti;;
;M.S. IMPIANTI DI MARIO SALVAI;VIA G. BERTUCCIONI 4/1 DX - GENOVA - 16139;;;Az clienti;;
;MAINARDI ADRIANO;VIA G. GALILEI, 18 - REZZATO - 25026;302591111;ditta_mainardi@libero.it;Az clienti;;
;MARZULLI ALESSANDRO;Via Duca D'Aosta, 16 - Brescia - 25121;;;Az clienti;;
;MCT SCAFFALATURE S.R.L.;Via Bergamo, 30 - Mornico Al Serio - 24050;;mctscaffalaturesrl@legalmail.it;Az clienti;;
;MECCANICA CAVAGNOLI DI CAVAGNOLI PIETRO & C. SNC;Via dellArtigianato, 3 25020 Azzano Mella (BS) - Azzano Mella - 25020;;;Az clienti;;
;MECCANICA RAW S.R.L.;Via G. Tovini, 11/13 - Bagnolo Mella - 25021;;amministrazione@meccanicaraw.com;Az clienti;;
;MECHATRONICS AND DYNAMIC DEVICES S.R.L.;Viale Marconi 5 - Dalmine - 24044;;andrea.ginammi@mdquadro.com;Az clienti;;
;MECHATRONICS DI RIGHETTINI ELENA E C. SAS;VIA BELVEDERE, 2 - TOSCOLANO MADERNO - 25088;;;Az clienti;;
;METRA COMPONENTI SRL;VIA STACCA 1 - RODENGO SAIANO - 25060;;COMMERCIALE2.MC@METRA.IT;Az clienti;;
;MGR MEDICAL SRL;Via Aldo Moro, 13 - Brescia - 25124;;mgrmedicalsrl@gmail.com;Az clienti;;
;MIGLIOLI SRL;VIA SAN FELICE 21 - CREMONA - 26100;;;Az clienti;;
;MINELLI PIERA;Via Maximilian Kolbe, 14 - Cazzago San Martino - 25046;;formazione@afabi.it;Az clienti;;
;MINGOTTI S.R.L.;Via Zocco, 17 - Adro - 25030;;mingottisrl@pec.it;Az clienti;;
;MKM MACHINERY SRL;VIA RASO 38 - PALAZZOLO SULL'OGLIO - 25036;;business@afabi.it;Az clienti;;
;MLIGHT S.R.L.;VIA TRENTO 39/A - CAPRIANO DEL COLLE - 25020;;info@mlight.it;Az clienti;;
;MONETTI GIANPIERO;VIA MATTEI, 27 - NUVOLERA - 25080;;gianpiero.monetti@agenziamonetti.it;Az clienti;;
;MORFEO SRL;VIA DOSSO 2 - URAGO D'OGLIO - 25030;;;Az clienti;;
;MOTO MORINI SRL;VIA BERI 24 - TRIVOLZIO - 27020;;;Az clienti;;
;NATALINI SE.A SRL;VIA SAN GIUSEPPE 9 - MONTELLO - 24060;;;Az clienti;;
;NEMAX 2.0 S.R.L.;Via Vittorio Veneto, 63 - Brescia - 25128;;info@nemax20srl.it;Az clienti;;
;NETCAD SRL;Via Edmondo De Amicis, 49 - Cinisello Balsamo - 20092;;;Az clienti;;
;NEW IMPREMES SRL;VIA INDUSTRIE 3 - CERRO AL LAMBRO - 20070;;;Az clienti;;
;NON SOLO BAGNO SRL;Via Oberdan, 2 - Brescia - 25128;;business@afabi.it;Az clienti;;
;NUOVA IDRO DI ZANOLA R.E P. S.A.S.;Via Antonio Gramsci, 22 - Botticino - 25082;;business@afabi.it;Az clienti;;
;NUOVA NEON BASSANO SPA;Via delle Rose, 10 - Bassano del Grappa - 36061;;formazione@afabi.it;Az clienti;;
;NUOVA TERMOBRIS DEI F.LLI BERGAMINI SNC;Viale de Gasperi, 78 - FLERO - 25020;;business@afabi.it;Az clienti;;
;NUOVA TERMOGARDA DI GOTTARDI DANIELE;Via C. Marx, 59 - Sirmione - 25019;;info@nuovatermogarda.it;Az clienti;;
;O.P.I. IMPIANTI IDRAULICI S.R.L.;VIA CASTELLO 24 - TRENZANO - 25030;;opi.impianti.idraulici@notificapostale.it;Az clienti;;
;OFIRA ITALIANA S.R.L.;VIA TARTAGLIA 5/7 - GUSSAGO - 25064;;business@afabi.it;Az clienti;;
;OMV DI PASINETTI VINCENZO E C. S.N.C.;Via Ponte, 29 - Brescia - 25134;;business@afabi.it;Az clienti;;
;OPERA CONSULTING SRL;Via Malta, 6 - Brescia - 25124;;business@afabi.it;Az clienti;;
;OROBICA TELECOMUNICAZIONI SRL;VIA DEGLI ALPINI, 100 - URGNANO - 24049;;;Az clienti;;
;OVEST SOLIDALE;Via Richiedei, 16 - Gussago - 25064;;aziendaovestsolidale@pec.it;Az clienti;;
;PALETTI IMPIANTI SRL;Via Trieste 28 - Pavone Mella - 258020;;paletti.impianti@gmail.com;Az clienti;;
;PASTICCERIA SAN PAOLO SRL;Via Petrarca 161 - Sarezzo - 25068;;info@pasticceriasanpaolo.com;Az clienti;;
;PASTURI S.R.L.;Via San Gervasio, 13 - Cigole - 25020;;formazione@afabi.it;Az clienti;;
;PETESI OMAR;VIALE STAZIONE 17 - Corzano - 25030;;business@afabi.it;Az clienti;;
;PHONEX S.R.L.;Viale S. Gimignano, 11 - Milano - 20146;;business@afabi.it;Az clienti;;
;PIOTTI MINUTERIE DI PIOTTI DANIELE;Via G. Bormioli 20/A - BRESCIA - 25135;;business@afabi.it;Az clienti;;
;PIRAZZINI CINZIA;Via Micinigo, 10 - CAINO - 25070;;;Az clienti;;
;POLIAMBULATORI SAN MATTEO S.R.L.;VIA VITTORIO EMANUELE II 28 - RONCADELLE - 25030;;business@afabi.it;Az clienti;;
;POLITECH DI CARRARA ANGELO E ZANOTTI CLAUDIO SNC;Via Nazionale, 127 - Caino - 25070;;business@afabi.it;Az clienti;;
;PORTA SOLUTIONS SPA;Via San Lorenzo, 39 - Villa Carcina - 25069;;formazione@afabi.it;Az clienti;;
;POZZI ARMANDO & C SNC;VIA PIRANDELLO 17/D - FLERO - 25020;;;Az clienti;;
;PROGEASS SRL;Borgo Wuhrer, 137 - Brescia - 25123;;formazione@afabi.it;Az clienti;;
;PROXI SRL;VIA CAMPAGNA 1 - MAIRANO - 25030;;;Az clienti;;
;PUBLIMAGIC SRL;Via Gabriele Camozzi 9/11 - Bergamo - 24121;;business@afabi.it;Az clienti;;
;PUNTO IDRAULICA SERVICES;Via Gioberti, 48 - Toscolano Maderno - 25088;;formazione@afabi.it;Az clienti;;
;RAJA WHOLE SALE SRL;Via G. Di Vittorio 49 - Brescia - 25125;;business@afabi.it;Az clienti;;
;RHI ITALIA SRL;Via Corsica, 14 - Brescia - 25125;;formazione@afabi.it;Az clienti;;
;RIBE SRL;Via Colle San Giuseppe, 1 - Brescia - 25133;;business@afabi.it;Az clienti;;
;RIGEL S.N.C. DI SUGHI FRANCO E C.;VIA CARABIOLI 2/A - CELLATICA - 25060;;rigelsnc@gigapec.it;Az clienti;;
;RISTORANTE PIZZERIA BELVEDERE DI BIANCHESSI ROSOLO &C SNC;Via Roma 47 - URAGO D'OGLIO - 25030;;linobianchessi61@yahoo.com;Az clienti;;
;ROBERT BRACJA;Via Alessandro Manzoni, 23 - Roncadelle - 25030;;robert.bracja@pec.it;Az clienti;;
;ROLANDI GRAZIANO;VIA MONTEBRUNO 1-9 - GENOVA - 16139;;;Az clienti;;
;ROMANENGHI IVAN;VIA BUFFALORA 27 - BRESCIA - 25129;;IVAN.ROMANENGHI@GMAIL.COM;Az clienti;;
;ROVETTA TERMOIDRAULICA DI ANDREA E MARCO SRL;Via Paolo Borsellino, 16/18 - Concesio - 25062;;formazione@afabi.it;Az clienti;;
;RS IMPIANTI ELETTRICI DI ROSSI STEFANO;VIA KENNEDY 50 - COLOGNE - 25033;;amministrazione.rsimpiantielet@gmail.com;Az clienti;;
;S.B. SERVICE SRL;VIA CESARE BATTISTI 2/G - BOVEZZO - 25073;;business@afabi.it;Az clienti;;
;SALARI SRL;VIA SCHIVARDI, 25A - BRESCIA - 25123;;r.salari@salarimpianti.com;Az clienti;;
;SAMARIM SRL;VIA PIETRO DA CEMMO, 4 - BRESCIA - 25124;;amministrazione@samarim.org;Az clienti;;
;SBT SRL;Via Brescia, 155/H - Nave - 25075;;business@afabi.it;Az clienti;;
;SCALMAZZI MARUSCA;Via Nazionale, 27 - Caino - 25070;;;Az clienti;;
;SEIT SRL;VIA CACCIAMALI 20 - BRESCIA - 25125;030/347222;business@afabi.it;Az clienti;;
;SERCAL DI SERPELLONI SNC DI SERPELLONI ANDREA E SIMONE;Villaggio Ferrari 45/47 - Brescia - 25124;;sercalsnc@pec.it;Az clienti;;
;SERVICE & LOGISTIK GROUP S.A.S. DI PASCAL VASILE & C.;Via Di Lamar, 10 - Trento - 38121;;logistikgroupsrls@pec.it;Az clienti;;
;SIFRA INSTALLAZIONI S.R.L.;L. DA VINCI 50 - GRUMELLO DEL MONTE - 24064;;;Az clienti;;
;SIL-FRA DI BOCCACCI FRANCESCO;Via Alcide De Gasperi, 1 - Collebeato - 25060;;formazione@afabi.it;Az clienti;;
;SILVERCOM S.R.L.;via Generale Reverberi, 39 - Passirano - 25050;;business@afabi.it;Az clienti;;
;SKILLWORKS S.R.L.;VIA VITTORIO EMANUELE II 28 - RONCADELLE - 25030;;skillworks@pec.it;Az clienti;;
;SPONDI SRL;Via S. Maria Crocifissa di Rosa - Travagliato - 25039;;;Az clienti;;
;STAMPIMAR S.R.L.;Via Nuova, 1 - Preseglie - 25070;;sonia.vassalini@stampimar.it;Az clienti;;
;STICK BOX SRL;Via Iseo 9/A - ERBUSCO - 25030;;business@afabi.it;Az clienti;;
;STUDIO ARTECNICA DEI GEOM. FORLEO VINCENZO E GEOM. BASSI NICOLA;VIA BETTINZOLI, 2 - CARPENEDOLO - 25013;;vincenzo.forleo@studioartecnica.com;Az clienti;;
;STUDIO BARONE;Via Prima 24, Villaggio Prealpino - Brescia - 25136;;business@afabi.it;Az clienti;;
;STUDIO CLIMA DI BARBANTINI ALESSIA;VIA SAN POLO, 8 - LONATO - 25017;;;Az clienti;;
;STUDIO DI INGEGNERIA VALZELLI S.R.L.;Via Aldo Moro, 10 - Brescia - 474970;;amministrazione@pec.valzelli.it;Az clienti;;
;STUDIO DR. ALESSANDRO PEZZOLA;VIA S. BARTOLOMEO 15 - BRESCIA - 25128;;studiodrpezzola.cf@libero.it;Az clienti;;
;STUDIO M.T. MINGARDI CLAUDIA SRL;VIA PADOVA, 3 - BRESCIA - 25125;;formazione@afabi.it;Az clienti;;
;STUDIO PROGETTAZIONE INDUSTRIALE DI BONA ROBERTO;Via Brescia, 61 - Chiari - 25032;;;Az clienti;;
;STUDIO TECNICO PER.IND. STEFANO BRIONI;Via Nino Bixio, 8 - Borgosatollo - 25010;;business@afabi.it;Az clienti;;
;T-R-E S.R.L.;VIA SAN CARLO, 7 - COLOGNO AL SERIO - 24055;;t-r-e@libero.it;Az clienti;;
;T.I.G. DI GREGORI CRISTIANO;Via XXV Aprile, 170 - Flero - 25020;;gregoricristiano@libero.it;Az clienti;;
;TE.EN ENGINEERING S.R.L.;Via Luigi Canepa 16R - Genova - 16165;;r.rota@telecomunicazionienergia.com;Az clienti;;
;TEA SERVIZI SRL;VIALE DUCA D'AOSTA, 28;;formazione@afabi.it;Az clienti;;
;TECNO INSTALLAZIONI DI HOXHA ERVIN;VIA BERNARDINO, 5 - DARFO BOARIO TERME - 25047;;formazione@afabi.it;Az clienti;;
;TECNO SYSTEM SRL;VIALE DEL LAVORO, 22/G - SAN MARTINO BUON ALBERGO - 37036;;;Az clienti;;
;TECNOBRESCIA SRL;Via Manifattura, 29/G - Darfo Boario Terme - 25047;;;Az clienti;;
;TECNOIMPIANTI SRL;VIA BORGONUOVO 26 - MARONE - 25054;;business@afabi.it;Az clienti;;
;TEMPO LIBERO SOCIET COOPERATIVA SOCIALE ONLUS;Via Spalto San Marco 37/bis - Brescia - 25121;;;Az clienti;;
;TERMOGHIRARDELLI SRL;Via G. Donizetti, 28 - Predore - 24060;;info@termoghirardelli.com;Az clienti;;
;TERMOIDRAULICA AGOSTI SNC;Via degli artigiani 3 - CASTELCOVATI - 25030;;info@agostitermoidraulica.it;Az clienti;;
;TERMOIDRAULICA DI BELLOLI IVANO SRL;VIA GONZAROLA, 2 - PONTOGLIO - 25037;;ivanbelloli70@gmail.com;Az clienti;;
;TERMOIDRAULICA DI IENCO FRANCESCO E REGINA FRANCO SNC;Via Matteotti, 303 - Gardone Val Trompia - 25063;;;Az clienti;;
;TERMOIDRAULICA DI PANI MARCELLO;Via Verdi 31/D - Caravaggio - 24043;;business@afabi.it;Az clienti;;
;TERMOIDRAULICA DI ZANIBONI GIOVANNI E MAURO SNC;Via Matteotti 311/P58 - GARDONE VAL TROMPIA - 25063;;info@termoidraulicazaniboni.it;Az clienti;;
;TERMOIDRAULICA F.LLI BIANCHETTI & C SNC;Via Brescia, 45 - CASTENEDOLO - 25014;;w.bianchetti@libero.it;Az clienti;;
;TERMOIDRAULICA PERIN SRL;VIA STATALE, 21 - CALCINATO - 25011;;idraulicaperin@gmail.com;Az clienti;;
;TERMOIDRAULICA PIARDI DI PIARDI ANDREA;Via Ospedale, 5 - Pezzaze - 25060;;business@afabi.it;Az clienti;;
;TERRA SOLE S.N.C DI BELLERI MIRIAM E C.;Via Palazzo, 1/A - Montirone - 25010;;esteticaterrasole@gmail.com;Az clienti;;
;TOLDE SRL;VIA T. VECELLIO 6 - BELLUNO - 32100;;;Az clienti;;
;TOMASONI PIETRO;Via Piave, 12 - Ghedi - 25016;;tombs@libero.it;Az clienti;;
;TOP TENNIS TEAM 360 ASSOCIAZIONE SPORTIVA DILETTANTISTICA;VIA MADERGNAGO 29 - DESENZANO DEL GARDA - 25015;;business@afabi.it;Az clienti;;
;TOSELLI NICOLA MAURO;Via DellArtigianato, 24 - Padenghe sul Garda - 25080;;vtidraulica@gmail.com;Az clienti;;
;TRECCANI LIDIA;Via Corsica, 217 - Brescia - 25124;;ltreccani@libero.it;Az clienti;;
;TUBAL S.R.L.;Via Campolungo, 37 - Travagliato - 25039;;tubalspa@pec-mail.it;Az clienti;;
;ULTRALEN ITALIA SPA;Via San Martino, 65 - Poncarale - 25020;302640349;ultralen@ultralenitalia.com;Az clienti;;
;UP SOCIETA' A RESPONSABILITA' LIMITATA SEMPLIFICATA;VIA CODIGNOLE 21/G - BRESCIA - 25124;;up-formazione@pec.it;Az clienti;;
;VALI COSTRUZIONI SRL;via G. Di Vittorio, 15 - Cologne - 25033;;business@afabi.it;Az clienti;;
;VANNI DANIEL MONTAGGIO ASCENSORI;VIA MATTEOTTI, 177A - Catenedolo - 25124;;vannilift@alice.it;Az clienti;;
;VARION SRL;Via Caduti dei Lager, 36 - DESENZANO DEL GARDA - 25015;;p.ciavardini@varion.it;Az clienti;;
;VI-MA S.R.L. DI BRUNELLI VINCENZO;VIA MOLINO 42 - OFFLAGA - 25020;;vima.idra@gmail.com;Az clienti;;
;VINATI S.R.L.;Via Brescia, 205 - Nave - 25075;;vinatisrl@legalmail.it;Az clienti;;
;VISION CONTROL SRL;VIA BRESCIA, 155 - NAVE - 25075;;cdelalio@visioncontrol.it;Az clienti;;
;VOLPI SRL;Via G. Zanelli 9 - PALAZZOLO SULL'OGLIO - 25036;;business@afabi.it;Az clienti;;
;VRTECH ITALIA SRL;Via Don Giacomo Trevisan 9/A - Verona - 37139;;business@afabi.it;Az clienti;;
;YAKAII SRL;Piazzale San Michele Arcangelo 7 - Mesagne - 72023;;yakaii@pec.yakaii.com;Az clienti;;
;Z.C.H. ABBIGLIAMENTO SRL;Via Papa Giovanni XXIII n.29/31/33 - REZZATO - 25086;;;Az clienti;;
;ZA.RA SRL;Via Bagnolo, snc - Caino - 25070;;za.ra@email.it;Az clienti;;
;ZANI S.R.L.;Via Breda n. 23/B - Milzano - 25020;30954448;info@idraulicazani.com;Az clienti;;
;ZANONI E VACCHI SNC;VIA CIRO MENOTTI - BRESCIA - 25128;;zanonivacchi@libero.it;Az clienti;;
;ZG2 IMPIANTI ELETTRICI DI GRIOTTI ROBERTO E C. SAS;Via Gramsci, 7 - Mazzano - 25080;;business@afabi.it;Az clienti;;
;ZILIANI IDROENERGY S.N.C. DI CRISTIAN E AMBRA;VIA CHIUSURE 18 - SALE MARASINO - 25057;;idroenergy@pec.it;Az clienti;;
;Showing 1 to 326 of 326 entries;;;;;;
;"
";;;;;;
;Previous;;;;;;
;1;;;;;;
;Next;;;;;;
;"
";;;;;;
;"
";;;;;;