;;;;;;;
;VUEMME SRL;Via C. Cattaneo - Stezzano - 24040;;ufficio.personale@vuemme.it;Az clienti;;
;VE.GO. DI VECCHI GIACOMO & C. SNC;Via Ciurlina, 99 - Ghisalba - 24050;;vegosnc@libero.it;Az clienti;;
;TEST LUDRINI GEOM. NICOLA;PIAZZA CADUTI DI NASSIRYA 5 - ALZANO LOMBARDO - 24022;;info@ludrimiconsulenze.it;Az clienti;;
;TESI24 SRL;via Meer, 60 - Alzano Lombardo - 24022;;jessica@tesi24.it;Az clienti;;
;TECNOEVOLUTION SRL;via Aldo Moro, 22 - Calcio - 24054;;info@tecnoevolution.it;Az clienti;;
;SWITCH IMPIANTI ELETTRICI SNC DI BARCELLA S. E FASSI M.;via Monte Rena, 10 - Albino - 24021;;info@switchimpianti.com;Az clienti;;
;SVILUPPO ASSICURATIVO SRL;via Roma, 12 - Fiorano al Serio - 24020;;info@sviluppoassicurativo.it;Az clienti;;
;STYLELAB INDUSTRY;VIA ANTONIA PONTI, 22 - BERGAMO - 24126;;silvia@stylelabind.com;Az clienti;;
;SIAPROGETTI DI POLI GEOM. CRISTIAN & POLI GEOM. SIMONA;Via Zanardelli, 344 - Gardone Val Trompia - 25063;;c.poli@siaprogetti.com;Az clienti;;
;SENERGICA SRL;Via Albertoni, 20 - Leffe - 24026;;amministrazione@senergica.it;Az clienti;;
;SCOTT ITALIA SRL;via Provinciale, 110 - Albino - 24021;;Luciana.F@scott-sports.it;Az clienti;;
;SAPOR CAFFE' SRL;Via Marconi, 29/D - Albino - 24021;;azzoazzolino@gmail.com;Az clienti;;
;S.M. TECHNOLOGIC GROUP SRL;Via Dossi, 42 - PIAN CAMUNO - 25050;;amministrazione@smtechnologicgroup.it;Az clienti;;
;ROYALTEX SRL;Via Carrali, 15 - Casnigo - 24020;;info@royaltex.it;Az clienti;;
;RANGHETTI ART PROGET;Via G. Carducci, 24 - Cortenuova - 24050;;amministrazione@ranghettiartproget.it;Az clienti;;
;R.E.A.R G.S.A. S.R.L.;VIA LOCATELLI, 39 - GORLE - 24020;;tecnico@grupporear.it;Az clienti;;
;PROJECT DI COLOMBO GABRIELLA MARIA;Via Facheris, 32/E - Grumello del Monte - 24064;;elena@btm.it;Az clienti;;
;PARCO SOSPESO NEL BOSCO;Localit Spiazzi Snc - Gromo - 24020;;info@parcosospesonelbosco.it;Az clienti;;
;OFF-MECC-BIANCO SRL;via Europa, 45 - Bolgare - 24060;;amministrazione@offmeccbianco.it;Az clienti;;
;NASTRIVAL SNC DI LANFRANCHI E ANESA;via Ugo Foscolo, 78 - Gandino - 24024;;nastrival@libero.it;Az clienti;;
;MPK SRL DI MARKU;VIA PIAVE, 32 - PEDRENGO - 24066;;infompksrl@gmail.com;Az clienti;;
;METI SRL;Via C. Stampa, 17 - Ghisalba - 24050;;amministrazione.meti@gmail.com;Az clienti;;
;MAURIZIO CURTI;VIA SABOTINO - SERIATE - 24068;;maurizio.curti@studiocrt.it;Az clienti;;
;MARRA GIAN MARIA SRL;Via E. Fermi, 2 - Chignolo d'Isola - 24040;;mviscardi@marragianmaria.com;Az clienti;;
;MACETTI ALESSANDRO;Via San Lorenzo, 21 - Palosco - 24050;;amministrazione@studiomacetti.it;Az clienti;;
;LUDRINI GEOM. NICOLA;PIAZZA CADUTI DI NASSIRYA 5;;info@ludriniconsulenze.it;CONSULENTI 500;;
;LE.GI.SE. SRL;via al Lago Blu, 14 - Bonate Sopra - 24040;;info@legisesrl.it;Az clienti;;
;LE MILLE BOLLE BAU DI GIULIA LOCHIS;via Giuseppe Verdi 9/D - Palazzolo sull'Oglio - 25036;;giulia_rw@hotmail.it;Az clienti;;
;ISTITUTO ITALIANO EDIZIONI ATLAS - DIVISIONE DI ZANICHELLI EDITORE SPA;VIA IRNERIO, 34 - BOLOGNA - 40126;;mocchi@edatlas.it;Az clienti;;
;IRONEDGE SRLS;via Borgo, 46 - Bagnolo Mella - 25021;;ironedgesrls@gmail.com;Az clienti;;
;IMPRESA EDILE CARRARA PETER;via G. Rossini, 14 - Nembro - 24027;;ambra.barcella@barcellaimpianti.com;Az clienti;;
;IMPRESA EDILE 2EMME SAS DI MARRONE GASPARE & C.;Via Milano 59/A - Albino - 24021;;info@impresaedile2emme.it;Az clienti;;
;IMMOBILIARE SANTO STEFANO SRL;via L. Da Vinci - Casnigo - 24020;;info@edilcasesantostefano.com;Az clienti;;
;IDEOLOGICA SRL;Via S. Bartolomea Capitanio, 6 - Bergamo - 24125;;info@ideologica.it;Az clienti;;
;GRIPAV;Via Lombardia, 10/F - Nembro - 24027;;info@gripav.it;Az clienti;;
;GRASSENIS PETER ABRAMO;Via Plazza, 11 - Oneta - 24020;;vericosta@live.it;Az clienti;;
;GMZ SERVICES DI ZANOTTI MATTEO;Via Curti, 81 - Spino d'Adda - 26016;;gmz.zanotti@gmail.com;Az clienti;;
;GIEFFETISTUDIO SRL;Piazza V. Veneto, 14 - Calcinate - 24050;;ufficio@gieffetistudio.it;Az clienti;;
;FUSTINONI SRL;Via Trento, 4 - Curno - 24035;;contabilita@fustinonisport.com;Az clienti;;
;FUSTINONI GROUP SRL;Via E. Fermi, 1 c/o Centro Commerciale Curno - CURNO - 24035;;g.fustinoni@ayalaviaggi.it;Az clienti;;
;FRIGENI IMPERMEABILIZZAZIONI S.R.L.;Via Dell' Aeronautica, 12 - Curno - 24035;;frigeni_impermeabilizzazioni@hotmail.it;Az clienti;;
;FONTI PINETA SPA;Piazza Matteotti, 20 - Bergamo - 24122;;Vincenzo.Savoldelli@fontipineta.it;Az clienti;;
;FAEBER LIGHTING SYSTEM SPA;Via Papa Giovanni XXIII - Uboldo - 21040;;apezzini@faeber.com;Az clienti;;
;F.LLI FERRARI TINTEGGIATURE;Via D. Alighieri, 9 - Martinengo - 24057;;ferraritinteggiature@gmail.com;Az clienti;;
;EUROEDIL SRL;via G. Matteotti, 13 - Cazzano Sant'Andrea - 24026;;stefano.euroedil@gmail.com;Az clienti;;
;ELETTROBAC DI ANDREA BOMBARDIERI;via San Carlo, 20 - Gandino - 24024;;bombaandrea1@tiscali.it;Az clienti;;
;EFFEGI SRL;Via Golgi, 7 - Palazzolo sull'Oglio - 25036;;info@effegisrl.it;Az clienti;;
;EDIL 2N;via XXV aprile, 15 - Spinone al Lago - 24060;;ezio@edil2n.it;Az clienti;;
;DEMCO SRL;Via dei Lavoratori, 3 - Seriate - 24068;;info@demco.it;Az clienti;;
;DANY SAS;VIA Meucci 2 - Azzano San Paolo - 24052;;info@danyristorazione.it;Az clienti;;
;DALFILO S.R.L.;VIA LUNGO ROMNA 59/A - CASNIGO - 24020;;matteo.bertasa@dalfilo.com;Az clienti;;
;D.F. SERVICE SRLS;Via Quarena, 145 - Gavardo - 25085;;df-service@pec.it;Az clienti;;
;CUMINETTI GROUP SRL;Via Martiri della Libert, 73 - Pradalunga - 24020;;info@cuminettigroup.com;Az clienti;;
;CSF DI VAVASSORI GIUSEPPE E ALESSANDRA SRL;Via Dante, 21 - Seriate - 24068;;info@csfv.it;Az clienti;;
;CRONO SRL;VIA TIRABOSCHI, 48 - BERGAMO - 24122;;tecnico.meti@gmail.com;Az clienti;;
;COLOTEK DI COLOMBI DANIELE;via G. Puccini, 1 - Cavernago - 24050;;colombi.colotek@gmail.com;Az clienti;;
;CENTRO ESTETICO LE NINFEE;via Bergamo, 18/A - Sotto il Monte - 24039;;centroesteticoninfee18@gmail.com;Az clienti;;
;CAMPING BERG S.R.L.;Via Trento, 4 - Curno - 24035;;info@campingclusone.it;Az clienti;;
;C.M. COLOR 2.0;via IV novembre, 49 - Chignolo dIsola - 24040;;maurocolor79@gmail.com;Az clienti;;
;BRACCA ACQUE MINERALI SPA;Via Piave, 67 - Zogno - 24019;;anna.ronchi@fontebracca.it;Az clienti;;
;BONEDIL DEI FRATELLI BONAITI S.N.C.;Via Brembilla, 7 - Brembilla - 24015;;impresabonedilsnc@gmail.com;Az clienti;;
;BIANCO SRL;Via F.lli Kennedy - Carobbio degli Angeli - 24060;;amministrazione@bianco.bg.it;Az clienti;;
;BIANCO ENGINEERING DI BIANCO BRUNO;Largo Torrazza, 19 - Carobbio - 24060;;biancoengineering@legalmail.it;Az clienti;;
;BGWORLD SRL;Via Pascoli, 6 - Lallio - 24040;;info@bgworld.it;Az clienti;;
;BASSANI BATTISTA SNC;VIA LOCATELLI, 42 - Martinengo - 24057;;macelleriabassani@tiscali.it;Az clienti;;
;BARCELLA SRL;via Bolgara Snc - Brusaporto - 24060;;paola@barcellaimpianti.com;Az clienti;;
;BARCELLA HOLDING SRL;Via Emilio Caldara, 43 - Milano - 20122;;info@tinteggiaturedentella.it;Az clienti;;
;BAR EUROPA;Via Europa, 236 - Ponte Nossa - 24028;;bar.europa.snc@pec.it;Az clienti;;
;B.T.M. SRL;Via F.lli Kennedy - Carobbio degli Angeli - 24060;;info@btm.it;Az clienti;;
;AZIENDA FLOROVIVAISTICA DI ZAMBLERA SEBASTIANO;via Aquasparsa snc - Vigano San Martino - 24060;;agricolamama@libero.it;Az clienti;;
;AUTOFFICINA BERNINI SAS;Via Moracchio, 15 - Vertova - 24029;;berniniautofficina@gmail.com;Az clienti;;
;ANTIPICCIONI SAS DI GIAN PIERO PINA & C.;via Panoramica, 3 - Artogne - 25040;;info@antipiccioni.it;Az clienti;;
;AMG FOOD S.R.L.;Via Antonio Locatelli, 31 - Bergamo - 24121;;amgfoodsrl@gmail.com;Az clienti;;
;ALTO SERIO COSTRUZIONI SRL;Via Provinciale, 1018 - Villa d'Ogna - 24020;;amministrazione@altoseriocostruzioni.it;Az clienti;;
;A.S.D. SPORT TEAM MARTINENGO;via de Gasperi - Martinengo - 24057;;dario20@libero.it;Az clienti;;
;Showing 1 to 75 of 75 entries;;;;;;
;"
";;;;;;